"mono_name","value"
"Ala",89.04766
"Arg",174.11166
"Asn",132.05348
"Asp",133.03749
"Cys",121.01974
"Glu",147.05314
"Gln",146.06913
"Gly",75.03201
"His",155.06946
"Ile",131.09461
"Leu",131.09461
"Lys",146.10551
"Met",149.05104
"Phe",165.07896
"Pro",115.06331
"Ser",105.04258
"Thr",119.05823
"Trp",204.08986
"Tyr",181.07388
"Val",117.07896
